n,variant,type,opt_level,flops_per_sec
2,kij,float,O3,2.30769e+08
2,jki,float,O3,1.92771e+08
2,kij,double,O3,3.84e+08
2,jki,double,O3,2.28571e+08
3,kij,float,O3,5.58621e+08
3,jki,float,O3,5.58621e+08
3,kij,double,O3,7.7512e+08
3,jki,double,O3,7.78846e+08
4,kij,float,O3,1.02128e+09
4,jki,float,O3,1.024e+09
4,kij,double,O3,9.25301e+08
4,jki,double,O3,9.20863e+08
5,kij,float,O3,1.38376e+09
5,jki,float,O3,1.28866e+09
5,kij,double,O3,1.38376e+09
5,jki,double,O3,1.5e+09
6,kij,float,O3,1.94303e+09
6,jki,float,O3,2.0736e+09
6,kij,double,O3,2.22298e+09
6,jki,double,O3,1.82793e+09
7,kij,float,O3,2.35469e+09
7,jki,float,O3,2.24427e+09
7,kij,double,O3,2.60177e+09
7,jki,double,O3,2.14823e+09
8,kij,float,O3,2.95101e+09
8,jki,float,O3,2.54094e+09
8,kij,double,O3,4.9152e+09
8,jki,double,O3,2.72824e+09
9,kij,float,O3,2.916e+09
9,jki,float,O3,2.76311e+09
9,kij,double,O3,4.99886e+09
9,jki,double,O3,2.83842e+09
10,kij,float,O3,3.51288e+09
10,jki,float,O3,3.06279e+09
10,kij,double,O3,4.64756e+09
10,jki,double,O3,3.12826e+09
11,kij,float,O3,3.30546e+09
11,jki,float,O3,3.14039e+09
11,kij,double,O3,5.47737e+09
11,jki,double,O3,3.42306e+09
12,kij,float,O3,3.60626e+09
12,jki,float,O3,3.27376e+09
12,kij,double,O3,5.5296e+09
12,jki,double,O3,3.4094e+09
13,kij,float,O3,3.81203e+09
13,jki,float,O3,3.47627e+09
13,kij,double,O3,5.45387e+09
13,jki,double,O3,3.63641e+09
14,kij,float,O3,3.87479e+09
14,jki,float,O3,3.62563e+09
14,kij,double,O3,5.64609e+09
14,jki,double,O3,3.59241e+09
15,kij,float,O3,4.08513e+09
15,jki,float,O3,3.79782e+09
15,kij,double,O3,5.52373e+09
15,jki,double,O3,3.91986e+09
16,kij,float,O3,1.34148e+10
16,jki,float,O3,3.93279e+09
16,kij,double,O3,9.67178e+09
16,jki,double,O3,3.73325e+09
17,kij,float,O3,1.17865e+10
17,jki,float,O3,4.16238e+09
17,kij,double,O3,8.62939e+09
17,jki,double,O3,4.11244e+09
18,kij,float,O3,1.19918e+10
18,jki,float,O3,4.21997e+09
18,kij,double,O3,8.48497e+09
18,jki,double,O3,4.13715e+09
19,kij,float,O3,1.12197e+10
19,jki,float,O3,4.31338e+09
19,kij,double,O3,9.06276e+09
19,jki,double,O3,4.15068e+09
20,kij,float,O3,9.93172e+09
20,jki,float,O3,3.98638e+09
20,kij,double,O3,8.28729e+09
20,jki,double,O3,4.26705e+09
21,kij,float,O3,9.13314e+09
21,jki,float,O3,4.35812e+09
21,kij,double,O3,8.49503e+09
21,jki,double,O3,4.32993e+09
22,kij,float,O3,9.23637e+09
22,jki,float,O3,4.3559e+09
22,kij,double,O3,8.37875e+09
22,jki,double,O3,4.36811e+09
23,kij,float,O3,9.27127e+09
23,jki,float,O3,4.41313e+09
23,kij,double,O3,8.38333e+09
23,jki,double,O3,4.40222e+09
24,kij,float,O3,8.88622e+09
24,jki,float,O3,4.44335e+09
24,kij,double,O3,1.1573e+10
24,jki,double,O3,4.44359e+09
25,kij,float,O3,8.78879e+09
25,jki,float,O3,4.42927e+09
25,kij,double,O3,1.04655e+10
25,jki,double,O3,4.43766e+09
26,kij,float,O3,8.60795e+09
26,jki,float,O3,4.47189e+09
26,kij,double,O3,9.84834e+09
26,jki,double,O3,4.47151e+09
27,kij,float,O3,7.9399e+09
27,jki,float,O3,4.4707e+09
27,kij,double,O3,9.87689e+09
27,jki,double,O3,4.49178e+09
28,kij,float,O3,8.31935e+09
28,jki,float,O3,4.49023e+09
28,kij,double,O3,9.72619e+09
28,jki,double,O3,4.50297e+09
29,kij,float,O3,6.46752e+09
29,jki,float,O3,4.22113e+09
29,kij,double,O3,9.59567e+09
29,jki,double,O3,4.51411e+09
30,kij,float,O3,7.93456e+09
30,jki,float,O3,4.51581e+09
30,kij,double,O3,9.52941e+09
30,jki,double,O3,4.52628e+09
31,kij,float,O3,7.88608e+09
31,jki,float,O3,4.52522e+09
31,kij,double,O3,9.46999e+09
31,jki,double,O3,2.36096e+09
32,kij,float,O3,1.21618e+10
32,jki,float,O3,2.38671e+09
32,kij,double,O3,6.47269e+09
32,jki,double,O3,1.2401e+09
33,kij,float,O3,8.81601e+09
33,jki,float,O3,2.44444e+09
33,kij,double,O3,5.28602e+09
33,jki,double,O3,2.4148e+09
34,kij,float,O3,8.57542e+09
34,jki,float,O3,2.40125e+09
34,kij,double,O3,5.74004e+09
34,jki,double,O3,2.44059e+09
35,kij,float,O3,9.053e+09
35,jki,float,O3,2.46175e+09
35,kij,double,O3,5.34557e+09
35,jki,double,O3,2.43934e+09
36,kij,float,O3,8.71396e+09
36,jki,float,O3,2.22542e+09
36,kij,double,O3,5.57997e+09
36,jki,double,O3,2.09757e+09
37,kij,float,O3,8.37424e+09
37,jki,float,O3,2.45757e+09
37,kij,double,O3,5.54261e+09
37,jki,double,O3,2.45426e+09
38,kij,float,O3,8.20495e+09
38,jki,float,O3,2.45392e+09
38,kij,double,O3,5.37153e+09
38,jki,double,O3,2.45086e+09
39,kij,float,O3,7.37004e+09
39,jki,float,O3,2.53621e+09
39,kij,double,O3,6.26697e+09
39,jki,double,O3,1.29306e+09
40,kij,float,O3,8.89568e+09
40,jki,float,O3,2.77425e+09
40,kij,double,O3,7.81679e+09
40,jki,double,O3,2.89266e+09
41,kij,float,O3,8.35423e+09
41,jki,float,O3,2.89854e+09
41,kij,double,O3,6.95013e+09
41,jki,double,O3,2.89262e+09
42,kij,float,O3,8.58311e+09
42,jki,float,O3,2.81199e+09
42,kij,double,O3,7.22328e+09
42,jki,double,O3,2.7126e+09
43,kij,float,O3,8.33858e+09
43,jki,float,O3,2.90658e+09
43,kij,double,O3,6.77867e+09
43,jki,double,O3,2.90511e+09
44,kij,float,O3,8.13964e+09
44,jki,float,O3,2.8421e+09
44,kij,double,O3,6.66289e+09
44,jki,double,O3,2.90332e+09
45,kij,float,O3,7.92874e+09
45,jki,float,O3,2.25618e+09
45,kij,double,O3,6.59736e+09
45,jki,double,O3,2.91275e+09
46,kij,float,O3,7.73521e+09
46,jki,float,O3,2.89234e+09
46,kij,double,O3,6.79412e+09
46,jki,double,O3,2.91703e+09
47,kij,float,O3,7.53551e+09
47,jki,float,O3,2.85261e+09
47,kij,double,O3,6.27917e+09
47,jki,double,O3,2.91832e+09
48,kij,float,O3,1.45836e+10
48,jki,float,O3,2.92528e+09
48,kij,double,O3,8.03507e+09
48,jki,double,O3,2.92368e+09
49,kij,float,O3,1.23034e+10
49,jki,float,O3,2.89846e+09
49,kij,double,O3,6.83675e+09
49,jki,double,O3,2.88759e+09
50,kij,float,O3,1.19203e+10
50,jki,float,O3,3.05914e+09
50,kij,double,O3,8.69979e+09
50,jki,double,O3,3.38347e+09
51,kij,float,O3,1.34047e+10
51,jki,float,O3,3.39223e+09
51,kij,double,O3,7.51741e+09
51,jki,double,O3,3.38085e+09
52,kij,float,O3,1.36257e+10
52,jki,float,O3,3.3231e+09
52,kij,double,O3,8.43648e+09
52,jki,double,O3,3.38192e+09
53,kij,float,O3,1.26553e+10
53,jki,float,O3,3.15687e+09
53,kij,double,O3,7.75347e+09
53,jki,double,O3,3.37239e+09
54,kij,float,O3,1.23705e+10
54,jki,float,O3,3.33992e+09
54,kij,double,O3,8.26337e+09
54,jki,double,O3,5.20304e+09
55,kij,float,O3,1.99982e+10
55,jki,float,O3,5.39598e+09
55,kij,double,O3,1.44327e+10
55,jki,double,O3,5.99546e+09
56,kij,float,O3,2.15586e+10
56,jki,float,O3,5.84299e+09
56,kij,double,O3,1.66592e+10
56,jki,double,O3,6.05138e+09
57,kij,float,O3,2.07693e+10
57,jki,float,O3,6.0581e+09
57,kij,double,O3,1.42305e+10
57,jki,double,O3,5.05649e+09
58,kij,float,O3,1.95112e+10
58,jki,float,O3,4.87019e+09
58,kij,double,O3,1.58109e+10
58,jki,double,O3,5.80138e+09
59,kij,float,O3,1.85302e+10
59,jki,float,O3,5.90195e+09
59,kij,double,O3,1.46118e+10
59,jki,double,O3,6.0529e+09
60,kij,float,O3,1.91883e+10
60,jki,float,O3,4.58422e+09
60,kij,double,O3,8.59701e+09
60,jki,double,O3,3.31706e+09
61,kij,float,O3,1.00077e+10
61,jki,float,O3,3.29024e+09
61,kij,double,O3,7.58888e+09
61,jki,double,O3,3.42253e+09
62,kij,float,O3,1.10673e+10
62,jki,float,O3,3.78798e+09
62,kij,double,O3,9.51979e+09
62,jki,double,O3,3.09768e+09
63,kij,float,O3,1.11718e+10
63,jki,float,O3,3.10993e+09
63,kij,double,O3,8.76292e+09
63,jki,double,O3,3.75697e+09
64,kij,float,O3,2.01975e+10
64,jki,float,O3,2.22772e+09
64,kij,double,O3,1.07149e+10
64,jki,double,O3,1.93009e+09
65,kij,float,O3,1.58249e+10
65,jki,float,O3,3.20912e+09
65,kij,double,O3,8.72402e+09
65,jki,double,O3,3.75949e+09
66,kij,float,O3,1.70087e+10
66,jki,float,O3,3.10504e+09
66,kij,double,O3,9.843e+09
66,jki,double,O3,3.87598e+09
67,kij,float,O3,1.69844e+10
67,jki,float,O3,3.92051e+09
67,kij,double,O3,1.00277e+10
67,jki,double,O3,3.41345e+09
68,kij,float,O3,1.71185e+10
68,jki,float,O3,3.31175e+09
68,kij,double,O3,1.06562e+10
68,jki,double,O3,4.04414e+09
69,kij,float,O3,1.69009e+10
69,jki,float,O3,4.12462e+09
69,kij,double,O3,9.45731e+09
69,jki,double,O3,4.07452e+09
70,kij,float,O3,1.61148e+10
70,jki,float,O3,3.55159e+09
70,kij,double,O3,1.03852e+10
70,jki,double,O3,3.40659e+09
71,kij,float,O3,1.42217e+10
71,jki,float,O3,3.42089e+09
71,kij,double,O3,1.02976e+10
71,jki,double,O3,4.40506e+09
72,kij,float,O3,1.69178e+10
72,jki,float,O3,4.44086e+09
72,kij,double,O3,1.24129e+10
72,jki,double,O3,3.70087e+09
73,kij,float,O3,1.63081e+10
73,jki,float,O3,3.63261e+09
73,kij,double,O3,1.08081e+10
73,jki,double,O3,4.38226e+09
74,kij,float,O3,1.53237e+10
74,jki,float,O3,4.40827e+09
74,kij,double,O3,1.17574e+10
74,jki,double,O3,4.43474e+09
75,kij,float,O3,1.53447e+10
75,jki,float,O3,3.69728e+09
75,kij,double,O3,1.14342e+10
75,jki,double,O3,4.70675e+09
76,kij,float,O3,1.46325e+10
76,jki,float,O3,3.90756e+09
76,kij,double,O3,1.11348e+10
76,jki,double,O3,5.11554e+09
77,kij,float,O3,1.6822e+10
77,jki,float,O3,5.78858e+09
77,kij,double,O3,1.38401e+10
77,jki,double,O3,5.19033e+09
78,kij,float,O3,1.9987e+10
78,jki,float,O3,4.8986e+09
78,kij,double,O3,1.44932e+10
78,jki,double,O3,5.44116e+09
79,kij,float,O3,1.907e+10
79,jki,float,O3,6.01367e+09
79,kij,double,O3,1.41345e+10
79,jki,double,O3,5.96067e+09
80,kij,float,O3,3.34066e+10
80,jki,float,O3,5.24905e+09
80,kij,double,O3,1.70234e+10
80,jki,double,O3,5.2145e+09
81,kij,float,O3,2.44417e+10
81,jki,float,O3,4.11815e+09
81,kij,double,O3,1.16978e+10
81,jki,double,O3,4.68747e+09
82,kij,float,O3,2.65453e+10
82,jki,float,O3,5.0581e+09
82,kij,double,O3,1.53366e+10
82,jki,double,O3,4.92935e+09
83,kij,float,O3,2.51719e+10
83,jki,float,O3,4.25296e+09
83,kij,double,O3,1.23463e+10
83,jki,double,O3,5.14512e+09
84,kij,float,O3,2.39344e+10
84,jki,float,O3,5.18337e+09
84,kij,double,O3,1.35454e+10
84,jki,double,O3,5.08941e+09
85,kij,float,O3,2.13301e+10
85,jki,float,O3,4.52233e+09
85,kij,double,O3,1.32883e+10
85,jki,double,O3,4.47767e+09
86,kij,float,O3,2.2677e+10
86,jki,float,O3,4.89143e+09
86,kij,double,O3,1.55743e+10
86,jki,double,O3,5.25184e+09
87,kij,float,O3,2.44143e+10
87,jki,float,O3,5.21443e+09
87,kij,double,O3,1.4422e+10
87,jki,double,O3,5.20784e+09
88,kij,float,O3,2.53241e+10
88,jki,float,O3,4.47356e+09
88,kij,double,O3,1.46334e+10
88,jki,double,O3,5.44513e+09
89,kij,float,O3,2.08793e+10
89,jki,float,O3,5.4593e+09
89,kij,double,O3,1.29501e+10
89,jki,double,O3,5.41041e+09
90,kij,float,O3,2.10456e+10
90,jki,float,O3,4.86271e+09
90,kij,double,O3,1.59223e+10
90,jki,double,O3,5.38311e+09
91,kij,float,O3,2.24992e+10
91,jki,float,O3,4.991e+09
91,kij,double,O3,1.42539e+10
91,jki,double,O3,5.37546e+09
92,kij,float,O3,2.2954e+10
92,jki,float,O3,5.40417e+09
92,kij,double,O3,1.59549e+10
92,jki,double,O3,4.85794e+09
93,kij,float,O3,2.12957e+10
93,jki,float,O3,5.03795e+09
93,kij,double,O3,1.43778e+10
93,jki,double,O3,5.98128e+09
94,kij,float,O3,1.95112e+10
94,jki,float,O3,5.65932e+09
94,kij,double,O3,1.5073e+10
94,jki,double,O3,5.91631e+09
95,kij,float,O3,1.95629e+10
95,jki,float,O3,5.32508e+09
95,kij,double,O3,1.38705e+10
95,jki,double,O3,5.07197e+09
96,kij,float,O3,3.35797e+10
96,jki,float,O3,5.2377e+09
96,kij,double,O3,1.6935e+10
96,jki,double,O3,3.29264e+09
97,kij,float,O3,2.57341e+10
97,jki,float,O3,5.09834e+09
97,kij,double,O3,1.40727e+10
97,jki,double,O3,5.38362e+09
98,kij,float,O3,2.70575e+10
98,jki,float,O3,5.91971e+09
98,kij,double,O3,1.56088e+10
98,jki,double,O3,5.93501e+09
99,kij,float,O3,2.41945e+10
99,jki,float,O3,5.59362e+09
99,kij,double,O3,1.47636e+10
99,jki,double,O3,5.88878e+09
100,kij,float,O3,2.81744e+10
100,jki,float,O3,6.07877e+09
100,kij,double,O3,1.56063e+10
100,jki,double,O3,6.0299e+09
101,kij,float,O3,2.56729e+10
101,jki,float,O3,5.98722e+09
101,kij,double,O3,1.44491e+10
101,jki,double,O3,6.09871e+09
102,kij,float,O3,2.77995e+10
102,jki,float,O3,5.34614e+09
102,kij,double,O3,1.45399e+10
102,jki,double,O3,5.18893e+09
103,kij,float,O3,2.50761e+10
103,jki,float,O3,5.36436e+09
103,kij,double,O3,1.37127e+10
103,jki,double,O3,5.30021e+09
104,kij,float,O3,2.66327e+10
104,jki,float,O3,5.33392e+09
104,kij,double,O3,1.71227e+10
104,jki,double,O3,5.31379e+09
105,kij,float,O3,2.41311e+10
105,jki,float,O3,5.33861e+09
105,kij,double,O3,1.41126e+10
105,jki,double,O3,5.32939e+09
106,kij,float,O3,2.37117e+10
106,jki,float,O3,5.04846e+09
106,kij,double,O3,1.62119e+10
106,jki,double,O3,4.70641e+09
107,kij,float,O3,2.39682e+10
107,jki,float,O3,5.3112e+09
107,kij,double,O3,1.44501e+10
107,jki,double,O3,5.30449e+09
108,kij,float,O3,2.46432e+10
108,jki,float,O3,5.23411e+09
108,kij,double,O3,1.40076e+10
108,jki,double,O3,5.16834e+09
109,kij,float,O3,1.90096e+10
109,jki,float,O3,5.24613e+09
109,kij,double,O3,1.41609e+10
109,jki,double,O3,5.08505e+09
110,kij,float,O3,2.06735e+10
110,jki,float,O3,5.28568e+09
110,kij,double,O3,1.56934e+10
110,jki,double,O3,5.20854e+09
111,kij,float,O3,2.10698e+10
111,jki,float,O3,5.28383e+09
111,kij,double,O3,1.46685e+10
111,jki,double,O3,4.80315e+09
112,kij,float,O3,3.37858e+10
112,jki,float,O3,5.23359e+09
112,kij,double,O3,1.69979e+10
112,jki,double,O3,5.13111e+09
113,kij,float,O3,2.84354e+10
113,jki,float,O3,5.29625e+09
113,kij,double,O3,1.48848e+10
113,jki,double,O3,5.14198e+09
114,kij,float,O3,2.7877e+10
114,jki,float,O3,5.20932e+09
114,kij,double,O3,1.48754e+10
114,jki,double,O3,5.24595e+09
115,kij,float,O3,2.58446e+10
115,jki,float,O3,5.16755e+09
115,kij,double,O3,1.37377e+10
115,jki,double,O3,5.2609e+09
116,kij,float,O3,2.97905e+10
116,jki,float,O3,5.15632e+09
116,kij,double,O3,1.46793e+10
116,jki,double,O3,5.16307e+09
117,kij,float,O3,2.55945e+10
117,jki,float,O3,5.26365e+09
117,kij,double,O3,1.3116e+10
117,jki,double,O3,5.2389e+09
118,kij,float,O3,2.7871e+10
118,jki,float,O3,5.24395e+09
118,kij,double,O3,1.25509e+10
118,jki,double,O3,4.95584e+09
119,kij,float,O3,2.57549e+10
119,jki,float,O3,5.11289e+09
119,kij,double,O3,1.39815e+10
119,jki,double,O3,5.1016e+09
120,kij,float,O3,2.73592e+10
120,jki,float,O3,5.16174e+09
120,kij,double,O3,1.55016e+10
120,jki,double,O3,5.10802e+09
121,kij,float,O3,2.48834e+10
121,jki,float,O3,4.83482e+09
121,kij,double,O3,1.35542e+10
121,jki,double,O3,5.19488e+09
122,kij,float,O3,2.57669e+10
122,jki,float,O3,5.2e+09
122,kij,double,O3,1.38394e+10
122,jki,double,O3,5.19226e+09
123,kij,float,O3,2.29914e+10
123,jki,float,O3,5.15773e+09
123,kij,double,O3,1.28023e+10
123,jki,double,O3,5.18859e+09
124,kij,float,O3,2.42904e+10
124,jki,float,O3,5.16739e+09
124,kij,double,O3,1.29202e+10
124,jki,double,O3,5.17392e+09
125,kij,float,O3,2.39954e+10
125,jki,float,O3,5.11866e+09
125,kij,double,O3,1.14759e+10
125,jki,double,O3,5.13943e+09
126,kij,float,O3,2.38594e+10
126,jki,float,O3,5.13338e+09
126,kij,double,O3,1.00976e+10
126,jki,double,O3,5.00398e+09
127,kij,float,O3,2.33249e+10
127,jki,float,O3,5.09566e+09
127,kij,double,O3,1.01269e+10
127,jki,double,O3,5.11137e+09
128,kij,float,O3,3.34392e+10
128,jki,float,O3,3.42676e+09
128,kij,double,O3,1.50814e+10
128,jki,double,O3,2.58478e+09
129,kij,float,O3,2.56833e+10
129,jki,float,O3,5.20603e+09
129,kij,double,O3,1.00767e+10
129,jki,double,O3,5.1737e+09
130,kij,float,O3,2.8974e+10
130,jki,float,O3,5.16764e+09
130,kij,double,O3,1.05228e+10
130,jki,double,O3,5.18262e+09
131,kij,float,O3,2.53683e+10
131,jki,float,O3,5.20793e+09
131,kij,double,O3,1.04008e+10
131,jki,double,O3,5.14413e+09
132,kij,float,O3,2.83e+10
132,jki,float,O3,5.07875e+09
132,kij,double,O3,1.09377e+10
132,jki,double,O3,5.1523e+09
133,kij,float,O3,2.60941e+10
133,jki,float,O3,5.26833e+09
133,kij,double,O3,1.04433e+10
133,jki,double,O3,5.23973e+09
134,kij,float,O3,2.71004e+10
134,jki,float,O3,5.27454e+09
134,kij,double,O3,1.03325e+10
134,jki,double,O3,5.20606e+09
135,kij,float,O3,2.54302e+10
135,jki,float,O3,5.26557e+09
135,kij,double,O3,1.01296e+10
135,jki,double,O3,5.25885e+09
136,kij,float,O3,2.79495e+10
136,jki,float,O3,5.26628e+09
136,kij,double,O3,1.11691e+10
136,jki,double,O3,5.11893e+09
137,kij,float,O3,2.40594e+10
137,jki,float,O3,5.25451e+09
137,kij,double,O3,1.06969e+10
137,jki,double,O3,5.291e+09
138,kij,float,O3,2.56867e+10
138,jki,float,O3,5.28573e+09
138,kij,double,O3,1.09096e+10
138,jki,double,O3,5.28765e+09
139,kij,float,O3,2.50813e+10
139,jki,float,O3,5.33471e+09
139,kij,double,O3,1.05594e+10
139,jki,double,O3,5.31886e+09
140,kij,float,O3,2.59361e+10
140,jki,float,O3,5.32772e+09
140,kij,double,O3,1.08533e+10
140,jki,double,O3,5.31983e+09
141,kij,float,O3,2.37464e+10
141,jki,float,O3,5.30348e+09
141,kij,double,O3,1.04484e+10
141,jki,double,O3,5.23532e+09
142,kij,float,O3,2.42737e+10
142,jki,float,O3,5.29224e+09
142,kij,double,O3,1.06662e+10
142,jki,double,O3,5.32533e+09
143,kij,float,O3,2.37875e+10
143,jki,float,O3,5.34828e+09
143,kij,double,O3,1.04108e+10
143,jki,double,O3,5.35127e+09
144,kij,float,O3,3.47712e+10
144,jki,float,O3,5.32696e+09
144,kij,double,O3,1.12868e+10
144,jki,double,O3,5.11804e+09
145,kij,float,O3,2.76728e+10
145,jki,float,O3,5.3193e+09
145,kij,double,O3,1.08302e+10
145,jki,double,O3,5.25902e+09
146,kij,float,O3,2.67296e+10
146,jki,float,O3,5.39144e+09
146,kij,double,O3,1.09897e+10
146,jki,double,O3,5.38367e+09
147,kij,float,O3,2.45898e+10
147,jki,float,O3,5.3677e+09
147,kij,double,O3,1.04106e+10
147,jki,double,O3,5.35281e+09
148,kij,float,O3,2.99262e+10
148,jki,float,O3,5.37543e+09
148,kij,double,O3,1.09356e+10
148,jki,double,O3,5.3397e+09
149,kij,float,O3,2.52931e+10
149,jki,float,O3,5.29619e+09
149,kij,double,O3,1.05077e+10
149,jki,double,O3,5.20368e+09
150,kij,float,O3,2.75276e+10
150,jki,float,O3,5.39089e+09
150,kij,double,O3,1.07957e+10
150,jki,double,O3,5.39556e+09
151,kij,float,O3,2.56061e+10
151,jki,float,O3,5.39436e+09
151,kij,double,O3,1.04782e+10
151,jki,double,O3,5.39742e+09
152,kij,float,O3,2.7238e+10
152,jki,float,O3,5.41197e+09
152,kij,double,O3,1.13134e+10
152,jki,double,O3,5.19808e+09
153,kij,float,O3,2.49853e+10
153,jki,float,O3,5.36868e+09
153,kij,double,O3,1.05064e+10
153,jki,double,O3,5.39603e+09
154,kij,float,O3,2.62556e+10
154,jki,float,O3,5.39804e+09
154,kij,double,O3,1.10086e+10
154,jki,double,O3,5.35523e+09
155,kij,float,O3,2.48673e+10
155,jki,float,O3,5.34416e+09
155,kij,double,O3,1.0745e+10
155,jki,double,O3,5.35531e+09
156,kij,float,O3,2.56274e+10
156,jki,float,O3,5.29609e+09
156,kij,double,O3,1.09904e+10
156,jki,double,O3,5.41867e+09
157,kij,float,O3,2.44811e+10
157,jki,float,O3,5.41391e+09
157,kij,double,O3,1.02376e+10
157,jki,double,O3,5.43408e+09
158,kij,float,O3,2.27129e+10
158,jki,float,O3,5.42008e+09
158,kij,double,O3,1.07535e+10
158,jki,double,O3,5.40296e+09
159,kij,float,O3,2.28707e+10
159,jki,float,O3,5.26715e+09
159,kij,double,O3,1.00013e+10
159,jki,double,O3,5.18552e+09
160,kij,float,O3,3.13803e+10
160,jki,float,O3,5.19458e+09
160,kij,double,O3,1.12517e+10
160,jki,double,O3,3.2468e+09
161,kij,float,O3,2.63668e+10
161,jki,float,O3,5.46206e+09
161,kij,double,O3,1.05342e+10
161,jki,double,O3,5.43111e+09
162,kij,float,O3,2.7977e+10
162,jki,float,O3,5.45865e+09
162,kij,double,O3,1.09801e+10
162,jki,double,O3,5.44602e+09
163,kij,float,O3,2.53394e+10
163,jki,float,O3,5.27336e+09
163,kij,double,O3,1.06157e+10
163,jki,double,O3,5.44625e+09
164,kij,float,O3,2.60735e+10
164,jki,float,O3,5.39217e+09
164,kij,double,O3,1.08178e+10
164,jki,double,O3,5.09437e+09
165,kij,float,O3,2.60508e+10
165,jki,float,O3,5.28494e+09
165,kij,double,O3,1.04396e+10
165,jki,double,O3,5.30914e+09
166,kij,float,O3,2.55875e+10
166,jki,float,O3,5.16262e+09
166,kij,double,O3,1.07819e+10
166,jki,double,O3,5.09892e+09
167,kij,float,O3,2.46363e+10
167,jki,float,O3,5.43726e+09
167,kij,double,O3,1.05414e+10
167,jki,double,O3,5.37813e+09
168,kij,float,O3,2.61969e+10
168,jki,float,O3,5.2832e+09
168,kij,double,O3,1.13788e+10
168,jki,double,O3,5.19402e+09
169,kij,float,O3,2.25874e+10
169,jki,float,O3,5.41312e+09
169,kij,double,O3,1.0738e+10
169,jki,double,O3,5.42923e+09
170,kij,float,O3,1.89396e+10
170,jki,float,O3,5.37254e+09
170,kij,double,O3,1.11568e+10
170,jki,double,O3,5.39421e+09
171,kij,float,O3,2.13153e+10
171,jki,float,O3,5.4051e+09
171,kij,double,O3,1.04076e+10
171,jki,double,O3,5.3981e+09
172,kij,float,O3,1.79531e+10
172,jki,float,O3,5.39785e+09
172,kij,double,O3,1.09251e+10
172,jki,double,O3,5.37548e+09
173,kij,float,O3,2.0673e+10
173,jki,float,O3,5.40817e+09
173,kij,double,O3,1.05472e+10
173,jki,double,O3,5.4086e+09
174,kij,float,O3,2.02173e+10
174,jki,float,O3,5.38863e+09
174,kij,double,O3,1.08275e+10
174,jki,double,O3,5.36341e+09
175,kij,float,O3,2.01717e+10
175,jki,float,O3,5.39882e+09
175,kij,double,O3,1.04959e+10
175,jki,double,O3,5.38792e+09
176,kij,float,O3,2.73149e+10
176,jki,float,O3,5.38743e+09
176,kij,double,O3,1.13626e+10
176,jki,double,O3,5.09839e+09
177,kij,float,O3,2.34974e+10
177,jki,float,O3,5.40383e+09
177,kij,double,O3,1.08052e+10
177,jki,double,O3,5.41288e+09
178,kij,float,O3,2.52291e+10
178,jki,float,O3,4.65868e+09
178,kij,double,O3,1.10991e+10
178,jki,double,O3,5.36651e+09
179,kij,float,O3,2.17907e+10
179,jki,float,O3,5.10981e+09
179,kij,double,O3,1.04257e+10
179,jki,double,O3,5.18267e+09
180,kij,float,O3,2.32737e+10
180,jki,float,O3,5.39033e+09
180,kij,double,O3,1.10841e+10
180,jki,double,O3,5.41595e+09
181,kij,float,O3,2.11966e+10
181,jki,float,O3,5.41292e+09
181,kij,double,O3,1.0557e+10
181,jki,double,O3,5.4421e+09
182,kij,float,O3,2.17927e+10
182,jki,float,O3,5.40194e+09
182,kij,double,O3,1.07618e+10
182,jki,double,O3,5.26181e+09
183,kij,float,O3,2.0201e+10
183,jki,float,O3,5.35135e+09
183,kij,double,O3,1.04543e+10
183,jki,double,O3,5.40312e+09
184,kij,float,O3,2.03141e+10
184,jki,float,O3,5.39877e+09
184,kij,double,O3,1.13759e+10
184,jki,double,O3,5.04308e+09
185,kij,float,O3,1.96902e+10
185,jki,float,O3,5.05558e+09
185,kij,double,O3,1.02675e+10
185,jki,double,O3,5.05404e+09
186,kij,float,O3,1.7224e+10
186,jki,float,O3,5.33512e+09
186,kij,double,O3,1.07513e+10
186,jki,double,O3,5.113e+09
187,kij,float,O3,1.83707e+10
187,jki,float,O3,5.23546e+09
187,kij,double,O3,1.06461e+10
187,jki,double,O3,5.38739e+09
188,kij,float,O3,1.85307e+10
188,jki,float,O3,5.22004e+09
188,kij,double,O3,1.07636e+10
188,jki,double,O3,5.36329e+09
189,kij,float,O3,1.75935e+10
189,jki,float,O3,5.38662e+09
189,kij,double,O3,1.06462e+10
189,jki,double,O3,5.37236e+09
190,kij,float,O3,1.74798e+10
190,jki,float,O3,5.36596e+09
190,kij,double,O3,1.10098e+10
190,jki,double,O3,5.38706e+09
191,kij,float,O3,1.73609e+10
191,jki,float,O3,5.13847e+09
191,kij,double,O3,1.07591e+10
191,jki,double,O3,5.30008e+09
192,kij,float,O3,2.08586e+10
192,jki,float,O3,3.25523e+09
192,kij,double,O3,1.11662e+10
192,jki,double,O3,2.74761e+09
193,kij,float,O3,2.00489e+10
193,jki,float,O3,5.36436e+09
193,kij,double,O3,1.08486e+10
193,jki,double,O3,5.37899e+09
194,kij,float,O3,2.03287e+10
194,jki,float,O3,5.40846e+09
194,kij,double,O3,1.11458e+10
194,jki,double,O3,5.35961e+09
195,kij,float,O3,1.9724e+10
195,jki,float,O3,2.73781e+09
195,kij,double,O3,1.07948e+10
195,jki,double,O3,4.38044e+09
196,kij,float,O3,1.80528e+10
196,jki,float,O3,5.38366e+09
196,kij,double,O3,1.10887e+10
196,jki,double,O3,5.38848e+09
197,kij,float,O3,1.95249e+10
197,jki,float,O3,5.4084e+09
197,kij,double,O3,1.06666e+10
197,jki,double,O3,5.37101e+09
198,kij,float,O3,1.98565e+10
198,jki,float,O3,5.39617e+09
198,kij,double,O3,1.10093e+10
198,jki,double,O3,5.408e+09
199,kij,float,O3,1.95437e+10
199,jki,float,O3,5.39895e+09
199,kij,double,O3,1.0678e+10
199,jki,double,O3,5.4676e+09
200,kij,float,O3,1.95205e+10
200,jki,float,O3,5.34948e+09
200,kij,double,O3,1.13426e+10
200,jki,double,O3,5.22451e+09
201,kij,float,O3,1.92647e+10
201,jki,float,O3,5.4922e+09
201,kij,double,O3,1.09718e+10
201,jki,double,O3,5.4233e+09
202,kij,float,O3,1.86559e+10
202,jki,float,O3,5.32128e+09
202,kij,double,O3,1.121e+10
202,jki,double,O3,5.3914e+09
203,kij,float,O3,1.83154e+10
203,jki,float,O3,5.30649e+09
203,kij,double,O3,1.09044e+10
203,jki,double,O3,5.48021e+09
204,kij,float,O3,1.60671e+10
204,jki,float,O3,5.51051e+09
204,kij,double,O3,1.10354e+10
204,jki,double,O3,5.41473e+09
205,kij,float,O3,1.64692e+10
205,jki,float,O3,5.30341e+09
205,kij,double,O3,1.04962e+10
205,jki,double,O3,4.03647e+09
206,kij,float,O3,1.83491e+10
206,jki,float,O3,5.22562e+09
206,kij,double,O3,1.04646e+10
206,jki,double,O3,5.4101e+09
207,kij,float,O3,1.57983e+10
207,jki,float,O3,5.48592e+09
207,kij,double,O3,1.06536e+10
207,jki,double,O3,5.45369e+09
208,kij,float,O3,2.2081e+10
208,jki,float,O3,5.44093e+09
208,kij,double,O3,1.08137e+10
208,jki,double,O3,4.97945e+09
209,kij,float,O3,1.88978e+10
209,jki,float,O3,5.19577e+09
209,kij,double,O3,1.04578e+10
209,jki,double,O3,5.15484e+09
210,kij,float,O3,2.06828e+10
210,jki,float,O3,4.73075e+09
210,kij,double,O3,1.07715e+10
210,jki,double,O3,5.39037e+09
211,kij,float,O3,1.75383e+10
211,jki,float,O3,5.18769e+09
211,kij,double,O3,1.00439e+10
211,jki,double,O3,5.01522e+09
212,kij,float,O3,1.79262e+10
212,jki,float,O3,5.28702e+09
212,kij,double,O3,1.01329e+10
212,jki,double,O3,5.22294e+09
213,kij,float,O3,1.82017e+10
213,jki,float,O3,5.29911e+09
213,kij,double,O3,1.03552e+10
213,jki,double,O3,5.21054e+09
214,kij,float,O3,1.8128e+10
214,jki,float,O3,5.06334e+09
214,kij,double,O3,1.05756e+10
214,jki,double,O3,5.25595e+09
215,kij,float,O3,1.95897e+10
215,jki,float,O3,5.22132e+09
215,kij,double,O3,1.06671e+10
215,jki,double,O3,5.31887e+09
216,kij,float,O3,1.98589e+10
216,jki,float,O3,5.28768e+09
216,kij,double,O3,1.12611e+10
216,jki,double,O3,5.04859e+09
217,kij,float,O3,1.74544e+10
217,jki,float,O3,5.1959e+09
217,kij,double,O3,1.08933e+10
217,jki,double,O3,5.49624e+09
218,kij,float,O3,1.7475e+10
218,jki,float,O3,5.37767e+09
218,kij,double,O3,1.11972e+10
218,jki,double,O3,5.25143e+09
219,kij,float,O3,1.72296e+10
219,jki,float,O3,5.21364e+09
219,kij,double,O3,1.04144e+10
219,jki,double,O3,5.11586e+09
220,kij,float,O3,1.716e+10
220,jki,float,O3,5.33838e+09
220,kij,double,O3,1.06294e+10
220,jki,double,O3,5.37135e+09
221,kij,float,O3,1.70879e+10
221,jki,float,O3,5.15287e+09
221,kij,double,O3,1.01395e+10
221,jki,double,O3,5.23423e+09
222,kij,float,O3,1.84279e+10
222,jki,float,O3,5.21104e+09
222,kij,double,O3,1.0274e+10
222,jki,double,O3,5.2568e+09
223,kij,float,O3,1.74214e+10
223,jki,float,O3,5.21329e+09
223,kij,double,O3,1.0053e+10
223,jki,double,O3,5.07109e+09
224,kij,float,O3,2.1977e+10
224,jki,float,O3,5.26476e+09
224,kij,double,O3,1.1173e+10
224,jki,double,O3,3.02766e+09
225,kij,float,O3,2.08278e+10
225,jki,float,O3,5.32912e+09
225,kij,double,O3,1.04881e+10
225,jki,double,O3,5.24895e+09
226,kij,float,O3,1.99711e+10
226,jki,float,O3,5.31593e+09
226,kij,double,O3,1.09841e+10
226,jki,double,O3,5.13672e+09
227,kij,float,O3,1.9976e+10
227,jki,float,O3,5.2476e+09
227,kij,double,O3,1.03445e+10
227,jki,double,O3,5.23892e+09
228,kij,float,O3,1.97181e+10
228,jki,float,O3,5.21132e+09
228,kij,double,O3,1.06658e+10
228,jki,double,O3,5.31049e+09
229,kij,float,O3,1.939e+10
229,jki,float,O3,5.34926e+09
229,kij,double,O3,1.01233e+10
229,jki,double,O3,5.13746e+09
230,kij,float,O3,1.94741e+10
230,jki,float,O3,5.53783e+09
230,kij,double,O3,1.06727e+10
230,jki,double,O3,5.22402e+09
231,kij,float,O3,1.98893e+10
231,jki,float,O3,5.45784e+09
231,kij,double,O3,1.06251e+10
231,jki,double,O3,5.14558e+09
232,kij,float,O3,2.03625e+10
232,jki,float,O3,5.3515e+09
232,kij,double,O3,1.0846e+10
232,jki,double,O3,5.12518e+09
233,kij,float,O3,1.98358e+10
233,jki,float,O3,5.49187e+09
233,kij,double,O3,1.06334e+10
233,jki,double,O3,5.26603e+09
234,kij,float,O3,1.88333e+10
234,jki,float,O3,4.46173e+09
234,kij,double,O3,1.07685e+10
234,jki,double,O3,5.10737e+09
235,kij,float,O3,1.75882e+10
235,jki,float,O3,4.93269e+09
235,kij,double,O3,9.87109e+09
235,jki,double,O3,5.19859e+09
236,kij,float,O3,1.94592e+10
236,jki,float,O3,5.20393e+09
236,kij,double,O3,1.02405e+10
236,jki,double,O3,5.2228e+09
237,kij,float,O3,1.77932e+10
237,jki,float,O3,5.27647e+09
237,kij,double,O3,1.03389e+10
237,jki,double,O3,4.86057e+09
238,kij,float,O3,1.72881e+10
238,jki,float,O3,5.32573e+09
238,kij,double,O3,1.09622e+10
238,jki,double,O3,4.81112e+09
239,kij,float,O3,1.8123e+10
239,jki,float,O3,5.28253e+09
239,kij,double,O3,9.6655e+09
239,jki,double,O3,5.05883e+09
240,kij,float,O3,2.07438e+10
240,jki,float,O3,5.06383e+09
240,kij,double,O3,1.07377e+10
240,jki,double,O3,4.82876e+09
241,kij,float,O3,1.99172e+10
241,jki,float,O3,1.93375e+09
241,kij,double,O3,1.03926e+10
241,jki,double,O3,3.75658e+09
242,kij,float,O3,2.01977e+10
242,jki,float,O3,5.19734e+09
242,kij,double,O3,1.06447e+10
242,jki,double,O3,5.35016e+09
243,kij,float,O3,2.01957e+10
243,jki,float,O3,5.26928e+09
243,kij,double,O3,1.02752e+10
243,jki,double,O3,5.25838e+09
244,kij,float,O3,2.04363e+10
244,jki,float,O3,5.25467e+09
244,kij,double,O3,1.06284e+10
244,jki,double,O3,5.34299e+09
245,kij,float,O3,1.95725e+10
245,jki,float,O3,5.26109e+09
245,kij,double,O3,1.01481e+10
245,jki,double,O3,4.87594e+09
246,kij,float,O3,2.01424e+10
246,jki,float,O3,5.09547e+09
246,kij,double,O3,1.04629e+10
246,jki,double,O3,5.34875e+09
247,kij,float,O3,1.94436e+10
247,jki,float,O3,5.24308e+09
247,kij,double,O3,9.86968e+09
247,jki,double,O3,5.0391e+09
248,kij,float,O3,1.87695e+10
248,jki,float,O3,5.00483e+09
248,kij,double,O3,1.00667e+10
248,jki,double,O3,4.76616e+09
249,kij,float,O3,1.75467e+10
249,jki,float,O3,5.15439e+09
249,kij,double,O3,9.99127e+09
249,jki,double,O3,5.09e+09
250,kij,float,O3,1.83655e+10
250,jki,float,O3,5.13984e+09
250,kij,double,O3,1.0836e+10
250,jki,double,O3,5.2666e+09
251,kij,float,O3,1.86131e+10
251,jki,float,O3,5.14903e+09
251,kij,double,O3,9.25003e+09
251,jki,double,O3,4.72592e+09
252,kij,float,O3,1.84992e+10
252,jki,float,O3,5.17182e+09
252,kij,double,O3,1.00494e+10
252,jki,double,O3,5.24998e+09
253,kij,float,O3,1.81543e+10
253,jki,float,O3,5.37709e+09
253,kij,double,O3,1.06462e+10
253,jki,double,O3,5.47678e+09
254,kij,float,O3,1.8981e+10
254,jki,float,O3,5.30632e+09
254,kij,double,O3,1.06181e+10
254,jki,double,O3,5.38286e+09
255,kij,float,O3,1.923e+10
255,jki,float,O3,5.44872e+09
255,kij,double,O3,1.05944e+10
255,jki,double,O3,5.40182e+09
256,kij,float,O3,2.21658e+10
256,jki,float,O3,5.886e+08
256,kij,double,O3,1.13011e+10
256,jki,double,O3,5.19098e+08
257,kij,float,O3,2.00247e+10
257,jki,float,O3,5.52267e+09
257,kij,double,O3,1.03778e+10
257,jki,double,O3,5.48776e+09
258,kij,float,O3,2.06882e+10
258,jki,float,O3,5.49011e+09
258,kij,double,O3,1.08934e+10
258,jki,double,O3,5.48477e+09
259,kij,float,O3,1.95402e+10
259,jki,float,O3,5.40936e+09
259,kij,double,O3,1.03982e+10
259,jki,double,O3,5.39695e+09
260,kij,float,O3,2.07819e+10
260,jki,float,O3,5.40148e+09
260,kij,double,O3,1.09139e+10
260,jki,double,O3,5.45236e+09
261,kij,float,O3,1.98571e+10
261,jki,float,O3,5.43449e+09
261,kij,double,O3,1.05052e+10
261,jki,double,O3,5.40923e+09
262,kij,float,O3,1.99549e+10
262,jki,float,O3,5.42544e+09
262,kij,double,O3,1.07954e+10
262,jki,double,O3,5.4406e+09
263,kij,float,O3,1.95455e+10
263,jki,float,O3,5.3836e+09
263,kij,double,O3,1.04636e+10
263,jki,double,O3,5.37718e+09
264,kij,float,O3,2.0372e+10
264,jki,float,O3,5.41469e+09
264,kij,double,O3,1.10394e+10
264,jki,double,O3,5.04776e+09
265,kij,float,O3,1.93258e+10
265,jki,float,O3,5.42785e+09
265,kij,double,O3,1.06177e+10
265,jki,double,O3,5.41599e+09
266,kij,float,O3,1.96277e+10
266,jki,float,O3,5.47113e+09
266,kij,double,O3,1.09673e+10
266,jki,double,O3,5.46596e+09
267,kij,float,O3,1.93566e+10
267,jki,float,O3,5.52096e+09
267,kij,double,O3,1.06905e+10
267,jki,double,O3,5.42992e+09
268,kij,float,O3,1.93449e+10
268,jki,float,O3,5.37672e+09
268,kij,double,O3,1.08756e+10
268,jki,double,O3,5.42806e+09
269,kij,float,O3,1.88096e+10
269,jki,float,O3,5.43606e+09
269,kij,double,O3,1.05149e+10
269,jki,double,O3,5.41072e+09
270,kij,float,O3,1.91109e+10
270,jki,float,O3,5.46115e+09
270,kij,double,O3,1.08255e+10
270,jki,double,O3,5.47875e+09
271,kij,float,O3,1.892e+10
271,jki,float,O3,5.42873e+09
271,kij,double,O3,1.05374e+10
271,jki,double,O3,5.47134e+09
272,kij,float,O3,2.21562e+10
272,jki,float,O3,5.30099e+09
272,kij,double,O3,1.10872e+10
272,jki,double,O3,4.98569e+09
273,kij,float,O3,2.04792e+10
273,jki,float,O3,1.87208e+09
273,kij,double,O3,1.07277e+10
273,jki,double,O3,3.71233e+09
274,kij,float,O3,2.09044e+10
274,jki,float,O3,5.45029e+09
274,kij,double,O3,1.09665e+10
274,jki,double,O3,5.48537e+09
275,kij,float,O3,2.04866e+10
275,jki,float,O3,5.49192e+09
275,kij,double,O3,1.06983e+10
275,jki,double,O3,5.48133e+09
276,kij,float,O3,2.10526e+10
276,jki,float,O3,5.47956e+09
276,kij,double,O3,1.09412e+10
276,jki,double,O3,5.43634e+09
277,kij,float,O3,2.00307e+10
277,jki,float,O3,5.44547e+09
277,kij,double,O3,1.06179e+10
277,jki,double,O3,5.45545e+09
278,kij,float,O3,2.02764e+10
278,jki,float,O3,5.47503e+09
278,kij,double,O3,1.09685e+10
278,jki,double,O3,5.46477e+09
279,kij,float,O3,1.99222e+10
279,jki,float,O3,5.45316e+09
279,kij,double,O3,1.06334e+10
279,jki,double,O3,5.48374e+09
280,kij,float,O3,2.04232e+10
280,jki,float,O3,5.46592e+09
280,kij,double,O3,1.11635e+10
280,jki,double,O3,5.0825e+09
281,kij,float,O3,1.94865e+10
281,jki,float,O3,5.45771e+09
281,kij,double,O3,1.06599e+10
281,jki,double,O3,5.45603e+09
282,kij,float,O3,1.97292e+10
282,jki,float,O3,5.473e+09
282,kij,double,O3,1.10775e+10
282,jki,double,O3,5.48565e+09
283,kij,float,O3,1.94366e+10
283,jki,float,O3,5.48566e+09
283,kij,double,O3,1.07268e+10
283,jki,double,O3,5.46903e+09
284,kij,float,O3,2.00544e+10
284,jki,float,O3,5.47054e+09
284,kij,double,O3,1.09592e+10
284,jki,double,O3,5.46537e+09
285,kij,float,O3,1.91266e+10
285,jki,float,O3,5.46741e+09
285,kij,double,O3,1.05773e+10
285,jki,double,O3,5.48621e+09
286,kij,float,O3,1.93616e+10
286,jki,float,O3,5.44903e+09
286,kij,double,O3,1.08706e+10
286,jki,double,O3,5.44623e+09
287,kij,float,O3,1.89453e+10
287,jki,float,O3,5.4428e+09
287,kij,double,O3,1.05382e+10
287,jki,double,O3,5.46567e+09
288,kij,float,O3,2.20066e+10
288,jki,float,O3,5.22376e+09
288,kij,double,O3,1.11066e+10
288,jki,double,O3,2.70053e+09
289,kij,float,O3,2.02828e+10
289,jki,float,O3,5.54149e+09
289,kij,double,O3,1.066e+10
289,jki,double,O3,5.25847e+09
290,kij,float,O3,1.91823e+10
290,jki,float,O3,5.10854e+09
290,kij,double,O3,1.02016e+10
290,jki,double,O3,5.03958e+09
291,kij,float,O3,1.86607e+10
291,jki,float,O3,5.1485e+09
291,kij,double,O3,9.84781e+09
291,jki,double,O3,5.04786e+09
292,kij,float,O3,1.92192e+10
292,jki,float,O3,5.10896e+09
292,kij,double,O3,1.01762e+10
292,jki,double,O3,5.01165e+09
293,kij,float,O3,1.79223e+10
293,jki,float,O3,5.07615e+09
293,kij,double,O3,9.81834e+09
293,jki,double,O3,5.22491e+09
294,kij,float,O3,1.93623e+10
294,jki,float,O3,5.1729e+09
294,kij,double,O3,1.0216e+10
294,jki,double,O3,5.09354e+09
295,kij,float,O3,1.84003e+10
295,jki,float,O3,5.40444e+09
295,kij,double,O3,1.05251e+10
295,jki,double,O3,5.26359e+09
296,kij,float,O3,1.93395e+10
296,jki,float,O3,5.35511e+09
296,kij,double,O3,1.09633e+10
296,jki,double,O3,4.86343e+09
297,kij,float,O3,1.83872e+10
297,jki,float,O3,5.08851e+09
297,kij,double,O3,9.75752e+09
297,jki,double,O3,5.12106e+09
298,kij,float,O3,1.84671e+10
298,jki,float,O3,5.19899e+09
298,kij,double,O3,1.03448e+10
298,jki,double,O3,5.16852e+09
299,kij,float,O3,1.82598e+10
299,jki,float,O3,5.1206e+09
299,kij,double,O3,9.78793e+09
299,jki,double,O3,5.14351e+09
300,kij,float,O3,1.84964e+10
300,jki,float,O3,5.14972e+09
300,kij,double,O3,1.00196e+10
300,jki,double,O3,5.01465e+09
301,kij,float,O3,1.81871e+10
301,jki,float,O3,5.28595e+09
301,kij,double,O3,1.07065e+10
301,jki,double,O3,5.28489e+09
302,kij,float,O3,1.84246e+10
302,jki,float,O3,5.19927e+09
302,kij,double,O3,1.02259e+10
302,jki,double,O3,5.17636e+09
303,kij,float,O3,1.77302e+10
303,jki,float,O3,5.17414e+09
303,kij,double,O3,1.00031e+10
303,jki,double,O3,5.10308e+09
304,kij,float,O3,2.06313e+10
304,jki,float,O3,4.95479e+09
304,kij,double,O3,1.04137e+10
304,jki,double,O3,4.6814e+09
305,kij,float,O3,1.88923e+10
305,jki,float,O3,5.07832e+09
305,kij,double,O3,9.7003e+09
305,jki,double,O3,4.10154e+09
306,kij,float,O3,1.88709e+10
306,jki,float,O3,5.11433e+09
306,kij,double,O3,1.01524e+10
306,jki,double,O3,5.28639e+09
307,kij,float,O3,2.05597e+10
307,jki,float,O3,5.56438e+09
307,kij,double,O3,1.08051e+10
307,jki,double,O3,5.31477e+09
308,kij,float,O3,1.96657e+10
308,jki,float,O3,5.1391e+09
308,kij,double,O3,1.00689e+10
308,jki,double,O3,5.0215e+09
309,kij,float,O3,1.8642e+10
309,jki,float,O3,5.02363e+09
309,kij,double,O3,9.32921e+09
309,jki,double,O3,4.96473e+09
310,kij,float,O3,1.88434e+10
310,jki,float,O3,5.23538e+09
310,kij,double,O3,1.01006e+10
310,jki,double,O3,5.0741e+09
311,kij,float,O3,1.86981e+10
311,jki,float,O3,5.19735e+09
311,kij,double,O3,9.86628e+09
311,jki,double,O3,5.13353e+09
312,kij,float,O3,1.92866e+10
312,jki,float,O3,5.1334e+09
312,kij,double,O3,1.04781e+10
312,jki,double,O3,5.21158e+09
313,kij,float,O3,1.98203e+10
313,jki,float,O3,5.48294e+09
313,kij,double,O3,9.7114e+09
313,jki,double,O3,5.05894e+09
314,kij,float,O3,1.80964e+10
314,jki,float,O3,4.71847e+09
314,kij,double,O3,8.45484e+09
314,jki,double,O3,3.44858e+09
315,kij,float,O3,1.71162e+10
315,jki,float,O3,1.2856e+09
315,kij,double,O3,9.56699e+09
315,jki,double,O3,3.24974e+09
316,kij,float,O3,1.81834e+10
316,jki,float,O3,4.97776e+09
316,kij,double,O3,1.00821e+10
316,jki,double,O3,5.04287e+09
317,kij,float,O3,1.6944e+10
317,jki,float,O3,4.92962e+09
317,kij,double,O3,9.55611e+09
317,jki,double,O3,4.92684e+09
318,kij,float,O3,1.78223e+10
318,jki,float,O3,4.91855e+09
318,kij,double,O3,9.81642e+09
318,jki,double,O3,4.88583e+09
319,kij,float,O3,4.82678e+09
319,jki,float,O3,2.34459e+09
319,kij,double,O3,7.3695e+09
319,jki,double,O3,4.13566e+09
320,kij,float,O3,1.80741e+10
320,jki,float,O3,2.27621e+09
320,kij,double,O3,9.96579e+09
320,jki,double,O3,9.88098e+08
321,kij,float,O3,1.84767e+10
321,jki,float,O3,5.06098e+09
321,kij,double,O3,9.77651e+09
321,jki,double,O3,5.11609e+09
322,kij,float,O3,1.98523e+10
322,jki,float,O3,5.30741e+09
322,kij,double,O3,1.07497e+10
322,jki,double,O3,5.08424e+09
323,kij,float,O3,1.90162e+10
323,jki,float,O3,5.13873e+09
323,kij,double,O3,1.05617e+10
323,jki,double,O3,5.07052e+09
324,kij,float,O3,1.9572e+10
324,jki,float,O3,5.1136e+09
324,kij,double,O3,1.02418e+10
324,jki,double,O3,5.10358e+09
325,kij,float,O3,1.87747e+10
325,jki,float,O3,5.12268e+09
325,kij,double,O3,1.01573e+10
325,jki,double,O3,5.04963e+09
326,kij,float,O3,1.88611e+10
326,jki,float,O3,5.12533e+09
326,kij,double,O3,1.00727e+10
326,jki,double,O3,5.08162e+09
327,kij,float,O3,1.85891e+10
327,jki,float,O3,5.2443e+09
327,kij,double,O3,9.88612e+09
327,jki,double,O3,5.14323e+09
328,kij,float,O3,2.04596e+10
328,jki,float,O3,5.26083e+09
328,kij,double,O3,1.04213e+10
328,jki,double,O3,4.68453e+09
329,kij,float,O3,1.83769e+10
329,jki,float,O3,5.0916e+09
329,kij,double,O3,9.93264e+09
329,jki,double,O3,4.9645e+09
330,kij,float,O3,1.8474e+10
330,jki,float,O3,5.10525e+09
330,kij,double,O3,1.03723e+10
330,jki,double,O3,5.10815e+09
331,kij,float,O3,1.90574e+10
331,jki,float,O3,5.02826e+09
331,kij,double,O3,9.76029e+09
331,jki,double,O3,5.27648e+09
332,kij,float,O3,1.90871e+10
332,jki,float,O3,5.23395e+09
332,kij,double,O3,1.09966e+10
332,jki,double,O3,5.49238e+09
333,kij,float,O3,1.81052e+10
333,jki,float,O3,5.23826e+09
333,kij,double,O3,9.82275e+09
333,jki,double,O3,5.11825e+09
334,kij,float,O3,1.79772e+10
334,jki,float,O3,5.08527e+09
334,kij,double,O3,1.0213e+10
334,jki,double,O3,5.15565e+09
335,kij,float,O3,1.77208e+10
335,jki,float,O3,5.09741e+09
335,kij,double,O3,9.80225e+09
335,jki,double,O3,5.19453e+09
336,kij,float,O3,2.16769e+10
336,jki,float,O3,5.19784e+09
336,kij,double,O3,1.03974e+10
336,jki,double,O3,4.86685e+09
337,kij,float,O3,1.97605e+10
337,jki,float,O3,5.13676e+09
337,kij,double,O3,1.0058e+10
337,jki,double,O3,5.0686e+09
338,kij,float,O3,2.08489e+10
338,jki,float,O3,4.95811e+09
338,kij,double,O3,1.01613e+10
338,jki,double,O3,5.05412e+09
339,kij,float,O3,1.88252e+10
339,jki,float,O3,5.12833e+09
339,kij,double,O3,9.77431e+09
339,jki,double,O3,5.02974e+09
340,kij,float,O3,2.08337e+10
340,jki,float,O3,5.05701e+09
340,kij,double,O3,9.84254e+09
340,jki,double,O3,5.18379e+09
341,kij,float,O3,1.8914e+10
341,jki,float,O3,4.19122e+09
341,kij,double,O3,9.97452e+09
341,jki,double,O3,3.26661e+09
342,kij,float,O3,1.84626e+10
342,jki,float,O3,5.13303e+09
342,kij,double,O3,1.0166e+10
342,jki,double,O3,5.0458e+09
343,kij,float,O3,1.82492e+10
343,jki,float,O3,5.06737e+09
343,kij,double,O3,1.02118e+10
343,jki,double,O3,5.23004e+09
344,kij,float,O3,1.95026e+10
344,jki,float,O3,5.35179e+09
344,kij,double,O3,1.08587e+10
344,jki,double,O3,4.91267e+09
345,kij,float,O3,1.82537e+10
345,jki,float,O3,5.15352e+09
345,kij,double,O3,9.61993e+09
345,jki,double,O3,5.01704e+09
346,kij,float,O3,1.83454e+10
346,jki,float,O3,5.06654e+09
346,kij,double,O3,1.02104e+10
346,jki,double,O3,5.10783e+09
347,kij,float,O3,1.83367e+10
347,jki,float,O3,5.28053e+09
347,kij,double,O3,9.94921e+09
347,jki,double,O3,2.3978e+09
348,kij,float,O3,1.50221e+10
348,jki,float,O3,4.64132e+09
348,kij,double,O3,1.00864e+10
348,jki,double,O3,5.13687e+09
349,kij,float,O3,1.81935e+10
349,jki,float,O3,5.14437e+09
349,kij,double,O3,1.01506e+10
349,jki,double,O3,5.10574e+09
350,kij,float,O3,7.72595e+09
350,jki,float,O3,3.90422e+09
350,kij,double,O3,9.81644e+09
350,jki,double,O3,5.26236e+09
351,kij,float,O3,1.72819e+10
351,jki,float,O3,3.98781e+09
351,kij,double,O3,9.95567e+09
351,jki,double,O3,5.03207e+09
352,kij,float,O3,2.11954e+10
352,jki,float,O3,5.05802e+09
352,kij,double,O3,1.05977e+10
352,jki,double,O3,2.25372e+09
353,kij,float,O3,1.97723e+10
353,jki,float,O3,5.10463e+09
353,kij,double,O3,1.01125e+10
353,jki,double,O3,5.19842e+09
354,kij,float,O3,1.97465e+10
354,jki,float,O3,5.03844e+09
354,kij,double,O3,1.10202e+10
354,jki,double,O3,5.1815e+09
355,kij,float,O3,1.9495e+10
355,jki,float,O3,5.30345e+09
355,kij,double,O3,1.00641e+10
355,jki,double,O3,4.47745e+09
356,kij,float,O3,2.02452e+10
356,jki,float,O3,5.23777e+09
356,kij,double,O3,1.02905e+10
356,jki,double,O3,5.22268e+09
357,kij,float,O3,1.92758e+10
357,jki,float,O3,5.25887e+09
357,kij,double,O3,1.00097e+10
357,jki,double,O3,5.23517e+09
358,kij,float,O3,2.06741e+10
358,jki,float,O3,5.33751e+09
358,kij,double,O3,1.02803e+10
358,jki,double,O3,5.2417e+09
359,kij,float,O3,1.90476e+10
359,jki,float,O3,5.33421e+09
359,kij,double,O3,1.01071e+10
359,jki,double,O3,5.30837e+09
360,kij,float,O3,1.94257e+10
360,jki,float,O3,5.16786e+09
360,kij,double,O3,1.0415e+10
360,jki,double,O3,4.98615e+09
361,kij,float,O3,1.95411e+10
361,jki,float,O3,5.1917e+09
361,kij,double,O3,9.56129e+09
361,jki,double,O3,5.07294e+09
362,kij,float,O3,1.92056e+10
362,jki,float,O3,2.70131e+09
362,kij,double,O3,5.29066e+09
362,jki,double,O3,5.16861e+09
363,kij,float,O3,1.88461e+10
363,jki,float,O3,5.38492e+09
363,kij,double,O3,9.64831e+09
363,jki,double,O3,5.31529e+09
364,kij,float,O3,1.96386e+10
364,jki,float,O3,5.44035e+09
364,kij,double,O3,1.02574e+10
364,jki,double,O3,5.22205e+09
365,kij,float,O3,1.82083e+10
365,jki,float,O3,5.30967e+09
365,kij,double,O3,9.72098e+09
365,jki,double,O3,5.28438e+09
366,kij,float,O3,1.89268e+10
366,jki,float,O3,5.35566e+09
366,kij,double,O3,1.00361e+10
366,jki,double,O3,5.3742e+09
367,kij,float,O3,1.86493e+10
367,jki,float,O3,5.18462e+09
367,kij,double,O3,1.01355e+10
367,jki,double,O3,4.90731e+09
368,kij,float,O3,2.07081e+10
368,jki,float,O3,5.26391e+09
368,kij,double,O3,1.05513e+10
368,jki,double,O3,4.60378e+09
369,kij,float,O3,1.96494e+10
369,jki,float,O3,5.22285e+09
369,kij,double,O3,9.91317e+09
369,jki,double,O3,5.12201e+09
370,kij,float,O3,1.9322e+10
370,jki,float,O3,5.24767e+09
370,kij,double,O3,1.03508e+10
370,jki,double,O3,5.17163e+09
371,kij,float,O3,1.92033e+10
371,jki,float,O3,5.28755e+09
371,kij,double,O3,9.9679e+09
371,jki,double,O3,4.96689e+09
372,kij,float,O3,1.98646e+10
372,jki,float,O3,5.19429e+09
372,kij,double,O3,1.02969e+10
372,jki,double,O3,5.16297e+09
373,kij,float,O3,1.90704e+10
373,jki,float,O3,5.29306e+09
373,kij,double,O3,1.01281e+10
373,jki,double,O3,5.22384e+09
374,kij,float,O3,1.96937e+10
374,jki,float,O3,5.35185e+09
374,kij,double,O3,1.04699e+10
374,jki,double,O3,5.26715e+09
375,kij,float,O3,1.8219e+10
375,jki,float,O3,3.11086e+09
375,kij,double,O3,1.00976e+10
375,jki,double,O3,4.08691e+09
376,kij,float,O3,2.0245e+10
376,jki,float,O3,5.33662e+09
376,kij,double,O3,1.04045e+10
376,jki,double,O3,4.8304e+09
377,kij,float,O3,1.87373e+10
377,jki,float,O3,5.23461e+09
377,kij,double,O3,9.84382e+09
377,jki,double,O3,5.124e+09
378,kij,float,O3,1.88835e+10
378,jki,float,O3,5.15522e+09
378,kij,double,O3,1.02374e+10
378,jki,double,O3,5.18932e+09
379,kij,float,O3,1.88665e+10
379,jki,float,O3,5.50408e+09
379,kij,double,O3,9.89595e+09
379,jki,double,O3,4.99723e+09
380,kij,float,O3,1.94643e+10
380,jki,float,O3,5.21378e+09
380,kij,double,O3,1.01665e+10
380,jki,double,O3,5.1294e+09
381,kij,float,O3,1.81254e+10
381,jki,float,O3,2.63343e+09
381,kij,double,O3,9.8451e+09
381,jki,double,O3,3.59956e+09
382,kij,float,O3,1.8803e+10
382,jki,float,O3,5.29043e+09
382,kij,double,O3,1.00745e+10
382,jki,double,O3,5.19372e+09
383,kij,float,O3,1.86306e+10
383,jki,float,O3,5.22105e+09
383,kij,double,O3,9.95369e+09
383,jki,double,O3,5.11484e+09
384,kij,float,O3,2.0687e+10
384,jki,float,O3,1.36536e+09
384,kij,double,O3,1.0247e+10
384,jki,double,O3,8.73021e+08
385,kij,float,O3,1.90865e+10
385,jki,float,O3,5.2245e+09
385,kij,double,O3,9.92203e+09
385,jki,double,O3,5.25369e+09
386,kij,float,O3,1.94018e+10
386,jki,float,O3,5.35438e+09
386,kij,double,O3,1.02997e+10
386,jki,double,O3,4.86442e+09
387,kij,float,O3,1.91547e+10
387,jki,float,O3,5.27721e+09
387,kij,double,O3,9.76863e+09
387,jki,double,O3,5.01968e+09
388,kij,float,O3,1.98716e+10
388,jki,float,O3,5.11392e+09
388,kij,double,O3,1.03365e+10
388,jki,double,O3,5.02879e+09
389,kij,float,O3,1.88791e+10
389,jki,float,O3,5.06957e+09
389,kij,double,O3,9.6384e+09
389,jki,double,O3,5.06845e+09
390,kij,float,O3,1.97773e+10
390,jki,float,O3,3.40235e+09
390,kij,double,O3,1.00919e+10
390,jki,double,O3,5.07016e+09
391,kij,float,O3,1.852e+10
391,jki,float,O3,5.21057e+09
391,kij,double,O3,9.57301e+09
391,jki,double,O3,5.31534e+09
392,kij,float,O3,2.07005e+10
392,jki,float,O3,5.44341e+09
392,kij,double,O3,9.88103e+09
392,jki,double,O3,4.87603e+09
393,kij,float,O3,1.94201e+10
393,jki,float,O3,5.05509e+09
393,kij,double,O3,9.97858e+09
393,jki,double,O3,5.03849e+09
394,kij,float,O3,1.88267e+10
394,jki,float,O3,5.29939e+09
394,kij,double,O3,5.46853e+09
394,jki,double,O3,5.03111e+09
395,kij,float,O3,1.89396e+10
395,jki,float,O3,5.38636e+09
395,kij,double,O3,9.42425e+09
395,jki,double,O3,5.20169e+09
396,kij,float,O3,1.97202e+10
396,jki,float,O3,4.96355e+09
396,kij,double,O3,9.86361e+09
396,jki,double,O3,5.1221e+09
397,kij,float,O3,1.84184e+10
397,jki,float,O3,5.04404e+09
397,kij,double,O3,1.01716e+10
397,jki,double,O3,5.09008e+09
398,kij,float,O3,1.89725e+10
398,jki,float,O3,5.41389e+09
398,kij,double,O3,1.02703e+10
398,jki,double,O3,5.13252e+09
399,kij,float,O3,1.87424e+10
399,jki,float,O3,5.23837e+09
399,kij,double,O3,9.20316e+09
399,jki,double,O3,5.07472e+09
400,kij,float,O3,2.16584e+10
400,jki,float,O3,5.11468e+09
400,kij,double,O3,1.03691e+10
400,jki,double,O3,5.00686e+09
401,kij,float,O3,1.76202e+10
401,jki,float,O3,5.42273e+09
401,kij,double,O3,9.86276e+09
401,jki,double,O3,5.12552e+09
402,kij,float,O3,2.03071e+10
402,jki,float,O3,5.17212e+09
402,kij,double,O3,9.96328e+09
402,jki,double,O3,5.13273e+09
403,kij,float,O3,1.94562e+10
403,jki,float,O3,5.25257e+09
403,kij,double,O3,9.49761e+09
403,jki,double,O3,5.26421e+09
404,kij,float,O3,1.97822e+10
404,jki,float,O3,5.32164e+09
404,kij,double,O3,9.86761e+09
404,jki,double,O3,5.04805e+09
405,kij,float,O3,1.90186e+10
405,jki,float,O3,5.40099e+09
405,kij,double,O3,9.6926e+09
405,jki,double,O3,5.21088e+09
406,kij,float,O3,2.00316e+10
406,jki,float,O3,5.35075e+09
406,kij,double,O3,1.02211e+10
406,jki,double,O3,5.27662e+09
407,kij,float,O3,1.93266e+10
407,jki,float,O3,5.26741e+09
407,kij,double,O3,9.99897e+09
407,jki,double,O3,4.90503e+09
408,kij,float,O3,1.96019e+10
408,jki,float,O3,4.59899e+09
408,kij,double,O3,1.02036e+10
408,jki,double,O3,4.87389e+09
409,kij,float,O3,1.98952e+10
409,jki,float,O3,5.18275e+09
409,kij,double,O3,9.79562e+09
409,jki,double,O3,5.08627e+09
410,kij,float,O3,1.89495e+10
410,jki,float,O3,3.27157e+09
410,kij,double,O3,1.03216e+10
410,jki,double,O3,5.09158e+09
411,kij,float,O3,1.79844e+10
411,jki,float,O3,4.30063e+09
411,kij,double,O3,9.5271e+09
411,jki,double,O3,5.25716e+09
412,kij,float,O3,1.90377e+10
412,jki,float,O3,5.3932e+09
412,kij,double,O3,1.06551e+10
412,jki,double,O3,5.46605e+09
413,kij,float,O3,1.96772e+10
413,jki,float,O3,5.37899e+09
413,kij,double,O3,1.02556e+10
413,jki,double,O3,5.45547e+09
414,kij,float,O3,1.90069e+10
414,jki,float,O3,5.36929e+09
414,kij,double,O3,1.04389e+10
414,jki,double,O3,5.03242e+09
415,kij,float,O3,1.67708e+10
415,jki,float,O3,5.18446e+09
415,kij,double,O3,9.83544e+09
415,jki,double,O3,5.24316e+09
416,kij,float,O3,2.0829e+10
416,jki,float,O3,5.13018e+09
416,kij,double,O3,1.02515e+10
416,jki,double,O3,2.14979e+09
417,kij,float,O3,1.96461e+10
417,jki,float,O3,5.39799e+09
417,kij,double,O3,9.71037e+09
417,jki,double,O3,5.18835e+09
418,kij,float,O3,1.88601e+10
418,jki,float,O3,3.5287e+09
418,kij,double,O3,1.00111e+10
418,jki,double,O3,5.07289e+09
419,kij,float,O3,1.94973e+10
419,jki,float,O3,5.42952e+09
419,kij,double,O3,1.03023e+10
419,jki,double,O3,5.42364e+09
420,kij,float,O3,2.12818e+10
420,jki,float,O3,5.24111e+09
420,kij,double,O3,9.53857e+09
420,jki,double,O3,5.61976e+09
421,kij,float,O3,2.01414e+10
421,jki,float,O3,5.39855e+09
421,kij,double,O3,1.03391e+10
421,jki,double,O3,5.4787e+09
422,kij,float,O3,1.99025e+10
422,jki,float,O3,5.39888e+09
422,kij,double,O3,9.84814e+09
422,jki,double,O3,5.42882e+09
423,kij,float,O3,1.99261e+10
423,jki,float,O3,5.58142e+09
423,kij,double,O3,1.02244e+10
423,jki,double,O3,5.48784e+09
424,kij,float,O3,2.09802e+10
424,jki,float,O3,5.52597e+09
424,kij,double,O3,1.02638e+10
424,jki,double,O3,5.03503e+09
425,kij,float,O3,1.92795e+10
425,jki,float,O3,5.4355e+09
425,kij,double,O3,1.04543e+10
425,jki,double,O3,5.44912e+09
426,kij,float,O3,2.00965e+10
426,jki,float,O3,5.36053e+09
426,kij,double,O3,1.00528e+10
426,jki,double,O3,5.34429e+09
427,kij,float,O3,2.0107e+10
427,jki,float,O3,5.59712e+09
427,kij,double,O3,1.04742e+10
427,jki,double,O3,5.54335e+09
428,kij,float,O3,2.03456e+10
428,jki,float,O3,5.43898e+09
428,kij,double,O3,1.02025e+10
428,jki,double,O3,5.11351e+09
429,kij,float,O3,1.94723e+10
429,jki,float,O3,5.55889e+09
429,kij,double,O3,1.02274e+10
429,jki,double,O3,4.93974e+09
430,kij,float,O3,1.8956e+10
430,jki,float,O3,5.5349e+09
430,kij,double,O3,1.08839e+10
430,jki,double,O3,5.62093e+09
431,kij,float,O3,1.97243e+10
431,jki,float,O3,3.89876e+09
431,kij,double,O3,1.07082e+10
431,jki,double,O3,5.67658e+09
432,kij,float,O3,2.23702e+10
432,jki,float,O3,5.45854e+09
432,kij,double,O3,1.12359e+10
432,jki,double,O3,5.11325e+09
433,kij,float,O3,2.09705e+10
433,jki,float,O3,5.67169e+09
433,kij,double,O3,1.03967e+10
433,jki,double,O3,5.25618e+09
434,kij,float,O3,2.09884e+10
434,jki,float,O3,5.34696e+09
434,kij,double,O3,1.09951e+10
434,jki,double,O3,5.32184e+09
435,kij,float,O3,1.9924e+10
435,jki,float,O3,5.65391e+09
435,kij,double,O3,1.07419e+10
435,jki,double,O3,5.5628e+09
436,kij,float,O3,2.17843e+10
436,jki,float,O3,5.70826e+09
436,kij,double,O3,1.11235e+10
436,jki,double,O3,5.65585e+09
437,kij,float,O3,2.0724e+10
437,jki,float,O3,5.68937e+09
437,kij,double,O3,1.07727e+10
437,jki,double,O3,5.68352e+09
438,kij,float,O3,2.10406e+10
438,jki,float,O3,5.56219e+09
438,kij,double,O3,1.08782e+10
438,jki,double,O3,5.64541e+09
439,kij,float,O3,1.95696e+10
439,jki,float,O3,5.65222e+09
439,kij,double,O3,1.05893e+10
439,jki,double,O3,5.55731e+09
440,kij,float,O3,2.14525e+10
440,jki,float,O3,5.56391e+09
440,kij,double,O3,1.09702e+10
440,jki,double,O3,5.1419e+09
441,kij,float,O3,2.01479e+10
441,jki,float,O3,5.57784e+09
441,kij,double,O3,8.78744e+09
441,jki,double,O3,5.08491e+09
442,kij,float,O3,1.92244e+10
442,jki,float,O3,5.33326e+09
442,kij,double,O3,1.09179e+10
442,jki,double,O3,5.61213e+09
443,kij,float,O3,2.01456e+10
443,jki,float,O3,5.68165e+09
443,kij,double,O3,1.07889e+10
443,jki,double,O3,5.67497e+09
444,kij,float,O3,2.09395e+10
444,jki,float,O3,5.62162e+09
444,kij,double,O3,1.10405e+10
444,jki,double,O3,5.58236e+09
445,kij,float,O3,1.99256e+10
445,jki,float,O3,5.69068e+09
445,kij,double,O3,1.07029e+10
445,jki,double,O3,5.69079e+09
446,kij,float,O3,2.02503e+10
446,jki,float,O3,5.68553e+09
446,kij,double,O3,1.1046e+10
446,jki,double,O3,5.63128e+09
447,kij,float,O3,1.9806e+10
447,jki,float,O3,5.68111e+09
447,kij,double,O3,1.07111e+10
447,jki,double,O3,5.69681e+09
448,kij,float,O3,2.22758e+10
448,jki,float,O3,2.40404e+09
448,kij,double,O3,1.11226e+10
448,jki,double,O3,1.41969e+09
449,kij,float,O3,1.40193e+10
449,jki,float,O3,5.47003e+09
449,kij,double,O3,1.06325e+10
449,jki,double,O3,5.63534e+09
450,kij,float,O3,2.13707e+10
450,jki,float,O3,5.69603e+09
450,kij,double,O3,1.06371e+10
450,jki,double,O3,5.38033e+09
451,kij,float,O3,2.05039e+10
451,jki,float,O3,5.66895e+09
451,kij,double,O3,1.04713e+10
451,jki,double,O3,5.60437e+09
452,kij,float,O3,2.16886e+10
452,jki,float,O3,5.62479e+09
452,kij,double,O3,1.09978e+10
452,jki,double,O3,5.61723e+09
453,kij,float,O3,2.05848e+10
453,jki,float,O3,5.70977e+09
453,kij,double,O3,1.07576e+10
453,jki,double,O3,5.68016e+09
454,kij,float,O3,2.10407e+10
454,jki,float,O3,5.61922e+09
454,kij,double,O3,1.10305e+10
454,jki,double,O3,5.66099e+09
455,kij,float,O3,2.05934e+10
455,jki,float,O3,6.99931e+08
455,kij,double,O3,1.04232e+10
455,jki,double,O3,3.07167e+09
456,kij,float,O3,2.13225e+10
456,jki,float,O3,5.66824e+09
456,kij,double,O3,1.11198e+10
456,jki,double,O3,3.96981e+09
457,kij,float,O3,1.8795e+10
457,jki,float,O3,5.4984e+09
457,kij,double,O3,9.89142e+09
457,jki,double,O3,5.36102e+09
458,kij,float,O3,2.04173e+10
458,jki,float,O3,5.65132e+09
458,kij,double,O3,1.09523e+10
458,jki,double,O3,5.6573e+09
459,kij,float,O3,2.01854e+10
459,jki,float,O3,5.6861e+09
459,kij,double,O3,1.01514e+10
459,jki,double,O3,5.43735e+09
460,kij,float,O3,2.04313e+10
460,jki,float,O3,5.57416e+09
460,kij,double,O3,1.10306e+10
460,jki,double,O3,5.65262e+09
461,kij,float,O3,1.97249e+10
461,jki,float,O3,5.66691e+09
461,kij,double,O3,1.07244e+10
461,jki,double,O3,5.6887e+09
462,kij,float,O3,2.03617e+10
462,jki,float,O3,5.70956e+09
462,kij,double,O3,1.10506e+10
462,jki,double,O3,5.70171e+09
463,kij,float,O3,1.98491e+10
463,jki,float,O3,4.25449e+09
463,kij,double,O3,9.5127e+09
463,jki,double,O3,5.61917e+09
464,kij,float,O3,2.23508e+10
464,jki,float,O3,5.48418e+09
464,kij,double,O3,1.03392e+10
464,jki,double,O3,5.06967e+09
465,kij,float,O3,2.07844e+10
465,jki,float,O3,5.68519e+09
465,kij,double,O3,1.07491e+10
465,jki,double,O3,5.61716e+09
466,kij,float,O3,2.10933e+10
466,jki,float,O3,5.68215e+09
466,kij,double,O3,1.10778e+10
466,jki,double,O3,5.69596e+09
467,kij,float,O3,2.08419e+10
467,jki,float,O3,5.71353e+09
467,kij,double,O3,1.06225e+10
467,jki,double,O3,5.59138e+09
468,kij,float,O3,2.18071e+10
468,jki,float,O3,5.6618e+09
468,kij,double,O3,1.09403e+10
468,jki,double,O3,5.61516e+09
469,kij,float,O3,2.06134e+10
469,jki,float,O3,5.70422e+09
469,kij,double,O3,1.06326e+10
469,jki,double,O3,5.66095e+09
470,kij,float,O3,2.08475e+10
470,jki,float,O3,3.81118e+09
470,kij,double,O3,1.10339e+10
470,jki,double,O3,5.63974e+09
471,kij,float,O3,2.04787e+10
471,jki,float,O3,5.6961e+09
471,kij,double,O3,1.06069e+10
471,jki,double,O3,5.69899e+09
472,kij,float,O3,2.13152e+10
472,jki,float,O3,5.62994e+09
472,kij,double,O3,1.11201e+10
472,jki,double,O3,5.23414e+09
473,kij,float,O3,2.02227e+10
473,jki,float,O3,5.71334e+09
473,kij,double,O3,1.0706e+10
473,jki,double,O3,5.68678e+09
474,kij,float,O3,2.06562e+10
474,jki,float,O3,5.69671e+09
474,kij,double,O3,1.11092e+10
474,jki,double,O3,5.72676e+09
475,kij,float,O3,2.00851e+10
475,jki,float,O3,5.67388e+09
475,kij,double,O3,1.06198e+10
475,jki,double,O3,5.66302e+09
476,kij,float,O3,2.10981e+10
476,jki,float,O3,5.74513e+09
476,kij,double,O3,1.09288e+10
476,jki,double,O3,5.55841e+09
477,kij,float,O3,1.98967e+10
477,jki,float,O3,5.68985e+09
477,kij,double,O3,1.05837e+10
477,jki,double,O3,5.69896e+09
478,kij,float,O3,2.02657e+10
478,jki,float,O3,5.67288e+09
478,kij,double,O3,1.09379e+10
478,jki,double,O3,5.6798e+09
479,kij,float,O3,1.99092e+10
479,jki,float,O3,5.72223e+09
479,kij,double,O3,1.03826e+10
479,jki,double,O3,5.43582e+09
480,kij,float,O3,2.22078e+10
480,jki,float,O3,5.39292e+09
480,kij,double,O3,1.08285e+10
480,jki,double,O3,2.33073e+09
481,kij,float,O3,2.09489e+10
481,jki,float,O3,5.69029e+09
481,kij,double,O3,1.07822e+10
481,jki,double,O3,5.69915e+09
482,kij,float,O3,2.13905e+10
482,jki,float,O3,3.21562e+09
482,kij,double,O3,1.10182e+10
482,jki,double,O3,5.49957e+09
483,kij,float,O3,2.09421e+10
483,jki,float,O3,5.71056e+09
483,kij,double,O3,1.07463e+10
483,jki,double,O3,5.70837e+09
484,kij,float,O3,2.1831e+10
484,jki,float,O3,5.73323e+09
484,kij,double,O3,1.10403e+10
484,jki,double,O3,5.67026e+09
485,kij,float,O3,2.08658e+10
485,jki,float,O3,5.74366e+09
485,kij,double,O3,1.074e+10
485,jki,double,O3,5.72931e+09
486,kij,float,O3,2.11027e+10
486,jki,float,O3,3.59274e+09
486,kij,double,O3,1.07533e+10
486,jki,double,O3,5.27322e+09
487,kij,float,O3,2.0646e+10
487,jki,float,O3,5.70311e+09
487,kij,double,O3,1.06424e+10
487,jki,double,O3,5.58656e+09
488,kij,float,O3,2.15267e+10
488,jki,float,O3,5.71238e+09
488,kij,double,O3,1.11136e+10
488,jki,double,O3,5.25957e+09
489,kij,float,O3,2.04391e+10
489,jki,float,O3,5.68985e+09
489,kij,double,O3,1.06899e+10
489,jki,double,O3,5.69891e+09
490,kij,float,O3,2.01392e+10
490,jki,float,O3,5.66505e+09
490,kij,double,O3,1.08967e+10
490,jki,double,O3,5.68303e+09
491,kij,float,O3,2.02402e+10
491,jki,float,O3,5.71882e+09
491,kij,double,O3,8.51513e+09
491,jki,double,O3,5.48996e+09
492,kij,float,O3,2.09428e+10
492,jki,float,O3,5.70323e+09
492,kij,double,O3,1.08853e+10
492,jki,double,O3,5.58328e+09
493,kij,float,O3,1.93611e+10
493,jki,float,O3,5.68891e+09
493,kij,double,O3,1.06448e+10
493,jki,double,O3,5.68048e+09
494,kij,float,O3,2.03603e+10
494,jki,float,O3,5.69198e+09
494,kij,double,O3,1.10395e+10
494,jki,double,O3,5.66554e+09
495,kij,float,O3,1.9787e+10
495,jki,float,O3,5.72188e+09
495,kij,double,O3,1.06839e+10
495,jki,double,O3,5.58835e+09
496,kij,float,O3,2.23901e+10
496,jki,float,O3,5.48394e+09
496,kij,double,O3,1.12112e+10
496,jki,double,O3,5.11073e+09
497,kij,float,O3,1.95937e+10
497,jki,float,O3,5.48753e+09
497,kij,double,O3,9.50458e+09
497,jki,double,O3,5.47341e+09
498,kij,float,O3,2.13247e+10
498,jki,float,O3,5.71581e+09
498,kij,double,O3,1.0735e+10
498,jki,double,O3,5.70649e+09
499,kij,float,O3,2.08024e+10
499,jki,float,O3,5.71948e+09
499,kij,double,O3,1.071e+10
499,jki,double,O3,5.67594e+09
500,kij,float,O3,2.19068e+10
500,jki,float,O3,5.72334e+09
500,kij,double,O3,1.10731e+10
500,jki,double,O3,5.64335e+09
501,kij,float,O3,2.04729e+10
501,jki,float,O3,5.72093e+09
501,kij,double,O3,1.06986e+10
501,jki,double,O3,5.71784e+09
502,kij,float,O3,2.10863e+10
502,jki,float,O3,5.71182e+09
502,kij,double,O3,1.07871e+10
502,jki,double,O3,5.70465e+09
503,kij,float,O3,2.05689e+10
503,jki,float,O3,2.71494e+09
503,kij,double,O3,1.05896e+10
503,jki,double,O3,3.54121e+09
504,kij,float,O3,2.14998e+10
504,jki,float,O3,5.68105e+09
504,kij,double,O3,1.11472e+10
504,jki,double,O3,5.27421e+09
505,kij,float,O3,2.05347e+10
505,jki,float,O3,3.43128e+09
505,kij,double,O3,1.06573e+10
505,jki,double,O3,3.60957e+09
506,kij,float,O3,2.07373e+10
506,jki,float,O3,5.71422e+09
506,kij,double,O3,1.08378e+10
506,jki,double,O3,5.31526e+09
507,kij,float,O3,2.02822e+10
507,jki,float,O3,5.72987e+09
507,kij,double,O3,1.06738e+10
507,jki,double,O3,5.72135e+09
508,kij,float,O3,2.09686e+10
508,jki,float,O3,5.72228e+09
508,kij,double,O3,1.097e+10
508,jki,double,O3,5.5972e+09
509,kij,float,O3,2.00472e+10
509,jki,float,O3,5.72961e+09
509,kij,double,O3,1.08142e+10
509,jki,double,O3,5.68265e+09
510,kij,float,O3,2.03781e+10
510,jki,float,O3,5.70053e+09
510,kij,double,O3,1.04177e+10
510,jki,double,O3,5.51918e+09
511,kij,float,O3,2.05156e+10
511,jki,float,O3,5.57916e+09
511,kij,double,O3,1.00671e+10
511,jki,double,O3,5.57323e+09
512,kij,float,O3,2.22518e+10
512,jki,float,O3,4.61246e+08
512,kij,double,O3,1.04461e+10
512,jki,double,O3,4.10582e+08
